,image_name,min_x,min_y,max_x,max_y,original_image_name
0,2q.000382 (1)_0.jpg,1388.739081,2398.238499,1456.532557,2431.119232,2q.000382 (1).jpg
1,2q.000382 (1)_1.jpg,844.3369267,2270.825657,1127.836917,2320.146757,2q.000382 (1).jpg
2,2q.000382 (1)_2.jpg,1296.293432,2252.330244,1374.358647,2285.210978,2q.000382 (1).jpg
3,2q.000382 (1)_3.jpg,858.717361,2161.908227,1372.304299,2248.220152,2q.000382 (1).jpg
4,2q.000382 (1)_4.jpg,1066.206484,1948.183459,1230.554304,1991.339422,2q.000382 (1).jpg
5,2q.000382 (1)_5.jpg,883.369534,1851.596305,1407.228211,1921.467863,2q.000382 (1).jpg
6,2q.000382 (1)_6.jpg,1097.0217,1757.064196,1160.706481,1810.495388,2q.000382 (1).jpg
7,2q.000382 (1)_7.jpg,883.369534,1720.073371,1162.760828,1798.165113,2q.000382 (1).jpg
8,2q.000382 (1)_8.jpg,860.7717087,1631.706399,1359.978213,1701.577958,2q.000382 (1).jpg
9,2q.000382 (1)_9.jpg,753.9456255,1594.715574,842.2825789,1621.43117,2q.000382 (1).jpg
10,2q.000382 (1)_10.jpg,784.7608418,1574.165116,827.9021447,1600.880712,2q.000382 (1).jpg
11,2q.000382 (1)_11.jpg,283.49999,1572.11007,741.619539,1635.816491,2q.000382 (1).jpg
12,2q.000382 (1)_12.jpg,1286.021694,1559.779795,1316.83691,1596.77062,2q.000382 (1).jpg
13,2q.000382 (1)_13.jpg,873.0977952,1553.614657,1277.804303,1621.43117,2q.000382 (1).jpg
14,2q.000382 (1)_14.jpg,281.4456422,1485.798145,823.7934492,1565.944932,2q.000382 (1).jpg
15,2q.000382 (1)_15.jpg,877.2064908,1496.073374,1006.630399,1541.284382,2q.000382 (1).jpg
16,2q.000382 (1)_16.jpg,119.1521697,1434.421999,193.1086888,1477.577961,2q.000382 (1).jpg
17,2q.000382 (1)_17.jpg,275.282599,1401.541265,1275.749955,1494.018328,2q.000382 (1).jpg
18,2q.000382 (1)_18.jpg,73.95651913,1341.944936,643.0108469,1409.761448,2q.000382 (1).jpg
19,2q.000382 (1)_19.jpg,852.5543177,1325.504569,1144.271699,1397.431173,2q.000382 (1).jpg
20,2q.000382 (1)_20.jpg,866.934752,1167.266039,1335.32604,1253.577964,2q.000382 (1).jpg
21,2q.000382 (1)_21.jpg,844.3369267,1105.614664,1322.999953,1167.266039,2q.000382 (1).jpg
22,2q.000382 (1)_22.jpg,289.6630332,1089.174297,834.0651879,1249.467873,2q.000382 (1).jpg
23,2q.000382 (1)_23.jpg,324.5869451,1017.247692,377.9999866,1068.623838,2q.000382 (1).jpg
24,2q.000382 (1)_24.jpg,295.8260765,1011.082555,1325.054301,1101.504572,2q.000382 (1).jpg
25,2q.000382 (1)_25.jpg,279.3912945,943.266042,805.3043194,1027.522922,2q.000382 (1).jpg
26,2q.000382 (1)_26.jpg,293.7717288,861.0642083,694.3695407,949.4311795,2q.000382 (1).jpg
27,2q.000382 (1)_27.jpg,840.2282312,863.1192541,1099.076048,939.1559503,2q.000382 (1).jpg
28,2q.000382 (1)_28.jpg,686.1521497,811.743108,729.2934525,838.458704,2q.000382 (1).jpg
29,2q.000382 (1)_29.jpg,716.967366,801.4678788,825.8477969,856.9541166,2q.000382 (1).jpg
30,2q.000382 (1)_30.jpg,265.0108602,782.9724662,684.0978019,863.1192541,2q.000382 (1).jpg
31,2q.000382 (1)_31.jpg,279.3912945,674.0550365,1497.619512,869.2843916,2q.000382 (1).jpg
32,2q.000382 (1)_32.jpg,258.8478169,649.3944864,431.4130282,748.0366869,2q.000382 (1).jpg
33,2q.000382 (1)_33.jpg,844.3369267,641.1743031,1277.804303,721.3210909,2q.000382 (1).jpg
34,2q.000382 (1)_34.jpg,94.49999666,579.5229278,176.6739068,626.7889822,2q.000382 (1).jpg
35,2q.000382 (1)_35.jpg,256.7934692,548.6972401,823.7934492,626.7889822,2q.000382 (1).jpg
36,2q.000382 (1)_36.jpg,55.46738935,478.8256814,1201.793436,573.3577902,2q.000382 (1).jpg
37,2q.000382 (1)_37.jpg,1374.358647,427.4495354,1483.239078,470.6054981,2q.000382 (1).jpg
38,2q.000382 (1)_38.jpg,49.30434608,400.7339394,221.8695574,466.4954064,2q.000382 (1).jpg
39,2q.000382 (1)_39.jpg,838.1738834,392.513756,1283.967346,468.5504522,2q.000382 (1).jpg
40,2q.000382 (1)_40.jpg,258.8478169,382.2385268,776.5434508,441.8348563,2q.000382 (1).jpg
41,2q.000382 (1)_41.jpg,51.35869384,277.4311888,556.7282412,359.6330225,2q.000382 (1).jpg
42,2q.000382 (1)_42.jpg,55.46738935,226.0550427,215.7065141,271.2660513,2q.000382 (1).jpg
43,2q.000382 (2)_0.jpg,316.369554,2373.577949,585.4891098,2439.339416,2q.000382 (2).jpg
44,2q.000382 (2)_1.jpg,297.8804243,2264.660519,805.3043194,2359.192628,2q.000382 (2).jpg
45,2q.000382 (2)_2.jpg,306.0978153,2215.339419,768.3260598,2279.04584,2q.000382 (2).jpg
46,2q.000382 (2)_3.jpg,879.2608385,2211.229327,1302.456476,2326.311894,2q.000382 (2).jpg
47,2q.000382 (2)_4.jpg,873.0977952,2159.853181,1201.793436,2248.220152,2q.000382 (2).jpg
48,2q.000382 (2)_5.jpg,299.934772,1979.009147,515.6412861,2024.220155,2q.000382 (2).jpg
49,2q.000382 (2)_6.jpg,938.8369234,1962.56878,1187.413002,2069.431164,2q.000382 (2).jpg
50,2q.000382 (2)_7.jpg,934.7282279,1911.192634,1331.217344,1995.449514,2q.000382 (2).jpg
51,2q.000382 (2)_8.jpg,1234.663,1898.862359,1286.021694,1944.073368,2q.000382 (2).jpg
52,2q.000382 (2)_9.jpg,121.2065175,1888.58713,215.7065141,1929.688047,2q.000382 (2).jpg
53,2q.000382 (2)_10.jpg,289.6630332,1872.146763,809.4130149,1942.018322,2q.000382 (2).jpg
54,2q.000382 (2)_11.jpg,871.0434475,1831.045846,1368.195604,1917.357772,2q.000382 (2).jpg
55,2q.000382 (2)_12.jpg,887.4782295,1687.192637,1107.293439,1750.899058,2q.000382 (2).jpg
56,2q.000382 (2)_13.jpg,871.0434475,1600.880712,1339.434735,1689.247683,2q.000382 (2).jpg
57,2q.000382 (2)_14.jpg,871.0434475,1526.899061,1158.652133,1598.825666,2q.000382 (2).jpg
58,2q.000382 (2)_15.jpg,301.9891198,1498.12842,538.2391114,1543.339428,2q.000382 (2).jpg
59,2q.000382 (2)_16.jpg,854.6086655,1461.137594,1269.586912,1535.119245,2q.000382 (2).jpg
60,2q.000382 (2)_17.jpg,304.0434675,1395.376127,778.5977986,1471.412824,2q.000382 (2).jpg
61,2q.000382 (2)_18.jpg,858.717361,1370.715577,1335.32604,1450.862365,2q.000382 (2).jpg
62,2q.000382 (2)_19.jpg,692.3151929,1358.385302,760.1086688,1401.541265,2q.000382 (2).jpg
63,2q.000382 (2)_20.jpg,289.6630332,1321.394477,803.2499716,1409.761448,2q.000382 (2).jpg
64,2q.000382 (2)_21.jpg,850.49997,1311.119248,1144.271699,1380.990807,2q.000382 (2).jpg
65,2q.000382 (2)_22.jpg,540.2934592,1290.568789,638.9021513,1346.055027,2q.000382 (2).jpg
66,2q.000382 (2)_23.jpg,277.3369467,1239.192643,815.5760581,1325.504569,2q.000382 (2).jpg
67,2q.000382 (2)_24.jpg,848.4456222,1228.917414,1275.749955,1298.788973,2q.000382 (2).jpg
68,2q.000382 (2)_25.jpg,716.967366,1218.642185,792.9782329,1265.908239,2q.000382 (2).jpg
69,2q.000382 (2)_26.jpg,279.3912945,1163.155947,799.1412761,1235.082552,2q.000382 (2).jpg
70,2q.000382 (2)_27.jpg,840.2282312,1152.880718,1185.358654,1222.752277,2q.000382 (2).jpg
71,2q.000382 (2)_28.jpg,836.1195357,1080.954113,1064.152136,1142.605489,2q.000382 (2).jpg
72,2q.000382 (2)_29.jpg,277.3369467,1074.788976,823.7934492,1159.045856,2q.000382 (2).jpg
73,2q.000382 (2)_30.jpg,82.17391014,1037.798151,186.9456456,1089.174297,2q.000382 (2).jpg
74,2q.000382 (2)_31.jpg,838.1738834,1000.807326,1283.967346,1064.513747,2q.000382 (2).jpg
75,2q.000382 (2)_32.jpg,275.282599,1000.807326,792.9782329,1072.73393,2q.000382 (2).jpg
76,2q.000382 (2)_33.jpg,39.03260732,955.5963171,225.9782529,1019.302738,2q.000382 (2).jpg
77,2q.000382 (2)_34.jpg,244.4673827,926.8256752,817.6304059,1004.917417,2q.000382 (2).jpg
78,2q.000382 (2)_35.jpg,852.5543177,928.8807211,1271.641259,982.311913,2q.000382 (2).jpg
79,2q.000382 (2)_36.jpg,788.8695374,466.4954064,1029.228225,513.7614608,2q.000382 (2).jpg
80,2q.000382 (2)_37.jpg,22.59782529,450.0550396,184.8912978,509.6513691,2q.000382 (2).jpg
81,2q.000382 (2)_38.jpg,20.54347754,386.3486185,191.0543411,452.1100855,2q.000382 (2).jpg
82,2q.000382 (2)_39.jpg,825.8477969,359.6330225,1263.423868,441.8348563,2q.000382 (2).jpg
83,2q.000382 (2)_40.jpg,246.5217304,347.3027475,764.2173643,406.8990769,2q.000382 (2).jpg
84,2q.000382 (2)_41.jpg,0,273.3210971,277.3369467,353.467885,2q.000382 (2).jpg
85,2q.000382 (2)_42.jpg,0,238.3853178,49.30434608,269.2110054,2q.000382 (2).jpg
86,2q.000382 (3)_0.jpg,414.9782462,2435.229324,449.902158,2453.724737,2q.000382 (3).jpg
87,2q.000382 (3)_1.jpg,961.4347486,2427.009141,1462.695601,2503.045837,2q.000382 (3).jpg
88,2q.000382 (3)_2.jpg,254.7391214,2412.62382,338.9673793,2447.559599,2q.000382 (3).jpg
89,2q.000382 (3)_3.jpg,829.9564924,2274.935748,1164.815176,2369.467857,2q.000382 (3).jpg
90,2q.000382 (3)_4.jpg,252.6847737,2188.623823,1349.706474,2322.201803,2q.000382 (3).jpg
91,2q.000382 (3)_5.jpg,850.49997,2114.642173,1220.282566,2203.009144,2q.000382 (3).jpg
92,2q.000382 (3)_6.jpg,667.6630199,2100.256852,780.6521463,2135.192631,2q.000382 (3).jpg
93,2q.000382 (3)_7.jpg,821.7391014,2028.330247,1320.945606,2133.137585,2q.000382 (3).jpg
94,2q.000382 (3)_8.jpg,480.7173743,1925.577955,786.8151896,1985.174284,2q.000382 (3).jpg
95,2q.000382 (3)_9.jpg,953.2173576,1826.935755,1101.130396,1870.091717,2q.000382 (3).jpg
96,2q.000382 (3)_10.jpg,638.9021513,1732.403646,1325.054301,1818.715571,2q.000382 (3).jpg
97,2q.000382 (3)_11.jpg,170.5108635,1705.68805,217.7608619,1728.293554,2q.000382 (3).jpg
98,2q.000382 (3)_12.jpg,610.1412828,1687.192637,801.1956239,1736.513737,2q.000382 (3).jpg
99,2q.000382 (3)_13.jpg,873.0977952,1652.256858,1407.228211,1730.3486,2q.000382 (3).jpg
100,2q.000382 (3)_14.jpg,836.1195357,1270.018331,1214.119522,1343.999981,2q.000382 (3).jpg
101,2q.000382 (3)_15.jpg,819.6847537,1187.816497,1335.32604,1267.963285,2q.000382 (3).jpg
102,2q.000382 (3)_16.jpg,152.0217338,1156.99081,207.4891231,1183.706406,2q.000382 (3).jpg
103,2q.000382 (3)_17.jpg,817.6304059,1119.999985,1325.054301,1198.091727,2q.000382 (3).jpg
104,2q.000382 (3)_18.jpg,223.9239051,1002.862371,322.5325973,1031.633013,2q.000382 (3).jpg
105,2q.000382 (3)_19.jpg,490.9891131,891.8898959,770.3804076,943.266042,2q.000382 (3).jpg
106,2q.000382 (3)_20.jpg,495.0978086,717.2109993,842.2825789,801.4678788,2q.000382 (3).jpg
107,2q.000382 (3)_21.jpg,456.0652013,651.4495323,840.2282312,727.4862285,2q.000382 (3).jpg
108,2q.000382 (3)_22.jpg,480.7173743,499.3761399,782.7064941,544.5871484,2q.000382 (3).jpg
109,2q.000382 (3)_23.jpg,850.49997,413.0642145,1269.586912,489.1009107,2q.000382 (3).jpg
110,2q.000382 (3)_24.jpg,26.7065208,415.1192603,195.1630366,476.7706356,2q.000382 (3).jpg
111,2q.000382 (3)_25.jpg,248.5760782,382.2385268,772.4347553,445.944948,2q.000382 (3).jpg
112,2q.000382 (3)_26.jpg,4.108695507,320.5871515,172.5652113,378.1284351,2q.000382 (3).jpg
113,2q.000382 (4)_0.jpg,930.6195323,2359.192628,1177.141263,2439.339416,2q.000382 (4).jpg
114,2q.000382 (4)_1.jpg,916.2390981,2276.990794,1353.81517,2363.30272,2q.000382 (4).jpg
115,2q.000382 (4)_2.jpg,131.4782562,2281.100886,176.6739068,2307.816482,2q.000382 (4).jpg
116,2q.000382 (4)_3.jpg,916.2390981,2184.513731,1438.043427,2289.321069,2q.000382 (4).jpg
117,2q.000382 (4)_4.jpg,903.9130116,2034.495385,1238.771695,2122.862356,2q.000382 (4).jpg
118,2q.000382 (4)_5.jpg,903.9130116,1960.513734,1423.662993,2063.266026,2q.000382 (4).jpg
119,2q.000382 (4)_6.jpg,912.1304026,1876.256855,1427.771689,1993.394468,2q.000382 (4).jpg
120,2q.000382 (4)_7.jpg,669.7173676,1707.743096,834.0651879,1767.339425,2q.000382 (4).jpg
121,2q.000382 (4)_8.jpg,626.5760648,1607.045849,918.2934458,1697.467866,2q.000382 (4).jpg
122,2q.000382 (4)_9.jpg,875.152143,1518.678878,1173.032567,1590.605483,2q.000382 (4).jpg
123,2q.000382 (4)_10.jpg,1097.0217,1496.073374,1138.108655,1531.009153,2q.000382 (4).jpg
124,2q.000382 (4)_11.jpg,571.1086755,1444.697228,1265.478216,1541.284382,2q.000382 (4).jpg
125,2q.000382 (4)_12.jpg,591.652153,1413.87154,764.2173643,1452.917411,2q.000382 (4).jpg
126,2q.000382 (4)_13.jpg,868.9890997,1366.605486,1259.315173,1454.972457,2q.000382 (4).jpg
127,2q.000382 (4)_14.jpg,776.5434508,1294.678881,1407.228211,1374.825669,2q.000382 (4).jpg
128,2q.000382 (4)_15.jpg,1158.652133,1154.935764,1207.956479,1181.65136,2q.000382 (4).jpg
129,2q.000382 (4)_16.jpg,979.9238784,1058.348609,1372.304299,1130.275214,2q.000382 (4).jpg
130,2q.000382 (4)_17.jpg,893.6412728,910.3853085,1249.043434,990.5320964,2q.000382 (4).jpg
131,2q.000382 (4)_18.jpg,119.1521697,871.3394375,180.7826023,904.220171,2q.000382 (4).jpg
132,2q.000382 (4)_19.jpg,873.0977952,848.7339332,1006.630399,902.1651251,2q.000382 (4).jpg
133,2q.000382 (4)_20.jpg,903.9130116,669.9449449,1173.032567,764.4770536,2q.000382 (4).jpg
134,2q.000382 (4)_21.jpg,893.6412728,612.4036613,1160.706481,682.2752199,2q.000382 (4).jpg
135,2q.000382 (4)_22.jpg,696.4238884,606.2385237,737.5108435,643.2293489,2q.000382 (4).jpg
136,2q.000382 (4)_23.jpg,256.7934692,595.9632945,698.4782362,678.1651282,2q.000382 (4).jpg
137,2q.000382 (4)_24.jpg,104.7717354,542.5321026,197.2173843,608.2935696,2q.000382 (4).jpg
138,2q.000382 (4)_25.jpg,254.7391214,513.7614608,1347.652126,610.3486154,2q.000382 (4).jpg
139,2q.000382 (4)_26.jpg,32.86956406,429.5045812,1355.869517,544.5871484,2q.000382 (4).jpg
140,2q.000382 (4)_27.jpg,32.86956406,369.9082518,217.7608619,439.7798104,2q.000382 (4).jpg
141,2q.000382 (4)_28.jpg,852.5543177,359.6330225,1290.130389,433.6146729,2q.000382 (4).jpg
142,2q.000382 (4)_29.jpg,273.2282512,349.3577933,801.1956239,413.0642145,2q.000382 (4).jpg
143,2q.000382 (4)_30.jpg,8.217391014,246.6055012,534.1304159,341.13761,2q.000382 (4).jpg
144,2q.000382 (4)_31.jpg,8.217391014,209.614676,102.7173877,248.660547,2q.000382 (4).jpg
145,2q.000382 (5)_0.jpg,412.9238985,2470.165103,484.8260698,2494.825654,2q.000382 (5).jpg
146,2q.000382 (5)_1.jpg,961.4347486,2320.146757,1084.695614,2359.192628,2q.000382 (5).jpg
147,2q.000382 (5)_2.jpg,934.7282279,2176.293548,1509.945599,2293.431161,2q.000382 (5).jpg
148,2q.000382 (5)_3.jpg,932.6738801,2094.091714,1444.206471,2219.449511,2q.000382 (5).jpg
149,2q.000382 (5)_4.jpg,451.9565058,2046.82566,622.4673693,2106.421989,2q.000382 (5).jpg
150,2q.000382 (5)_5.jpg,414.9782462,2020.110064,1444.206471,2176.293548,2q.000382 (5).jpg
151,2q.000382 (5)_6.jpg,375.9456389,1983.119239,445.7934625,2007.779789,2q.000382 (5).jpg
152,2q.000382 (5)_7.jpg,517.6956339,1907.082542,571.1086755,1925.577955,2q.000382 (5).jpg
153,2q.000382 (5)_8.jpg,1094.967353,1898.862359,1253.15213,1946.128413,2q.000382 (5).jpg
154,2q.000382 (5)_9.jpg,1080.586918,1798.165113,1419.554298,1870.091717,2q.000382 (5).jpg
155,2q.000382 (5)_10.jpg,341.0217271,1691.302729,719.0217137,1777.614654,2q.000382 (5).jpg
156,2q.000382 (5)_11.jpg,207.4891231,1644.036674,277.3369467,1689.247683,2q.000382 (5).jpg
157,2q.000382 (5)_12.jpg,332.8043361,1619.376124,862.8260565,1703.633004,2q.000382 (5).jpg
158,2q.000382 (5)_13.jpg,926.5108368,1576.220162,1193.576045,1662.532087,2q.000382 (5).jpg
159,2q.000382 (5)_14.jpg,104.7717354,1539.229337,864.8804042,1631.706399,2q.000382 (5).jpg
160,2q.000382 (5)_15.jpg,916.2390981,1498.12842,1244.934739,1574.165116,2q.000382 (5).jpg
161,2q.000382 (5)_16.jpg,334.8586838,1399.486219,610.1412828,1465.247686,2q.000382 (5).jpg
162,2q.000382 (5)_17.jpg,312.2608585,1298.788973,805.3043194,1393.321082,2q.000382 (5).jpg
163,2q.000382 (5)_18.jpg,918.2934458,1276.183469,1388.739081,1341.944936,2q.000382 (5).jpg
164,2q.000382 (5)_19.jpg,308.152163,1230.97246,751.8912778,1315.22934,2q.000382 (5).jpg
165,2q.000382 (5)_20.jpg,299.934772,1122.05503,1442.152123,1228.917414,2q.000382 (5).jpg
166,2q.000382 (5)_21.jpg,308.152163,1048.07338,1435.98908,1150.825672,2q.000382 (5).jpg
167,2q.000382 (5)_22.jpg,318.4239018,980.2568672,1127.836917,1066.568793,2q.000382 (5).jpg
168,2q.000382 (5)_23.jpg,842.2825789,898.0550334,1353.81517,972.0366838,2q.000382 (5).jpg
169,2q.000382 (5)_24.jpg,293.7717288,889.8348501,840.2282312,998.7522798,2q.000382 (5).jpg
170,2q.000382 (5)_25.jpg,277.3369467,828.1834748,1386.684734,918.6054919,2q.000382 (5).jpg
171,2q.000382 (5)_26.jpg,260.9021647,748.0366869,1224.391261,842.5687957,2q.000382 (5).jpg
172,2q.000382 (5)_27.jpg,871.0434475,600.0733862,1152.48909,669.9449449,2q.000382 (5).jpg
173,2q.000382 (5)_28.jpg,115.0434742,563.082561,172.5652113,604.1834779,2q.000382 (5).jpg
174,2q.000382 (5)_29.jpg,883.369534,540.4770567,1043.608659,604.1834779,2q.000382 (5).jpg
175,2q.000382 (5)_30.jpg,63.68478036,484.990819,215.7065141,542.5321026,2q.000382 (5).jpg
176,2q.000382 (5)_31.jpg,854.6086655,458.275223,1220.282566,515.8165066,2q.000382 (5).jpg
177,2q.000382 (5)_32.jpg,39.03260732,384.2935727,225.9782529,452.1100855,2q.000382 (5).jpg
178,2q.000382 (5)_33.jpg,852.5543177,361.6880684,1286.021694,421.2843978,2q.000382 (5).jpg
179,2q.000382 (5)_34.jpg,279.3912945,359.6330225,799.1412761,417.1743062,2q.000382 (5).jpg
180,2q.000382 (6)_0.jpg,158.184777,2431.119232,236.2499917,2468.110058,2q.000382 (6).jpg
181,2q.000382 (6)_1.jpg,273.2282512,2353.02749,1320.945606,2486.60547,2q.000382 (6).jpg
182,2q.000382 (6)_2.jpg,304.0434675,2266.715565,505.3695474,2322.201803,2q.000382 (6).jpg
183,2q.000382 (6)_3.jpg,901.8586638,2207.119236,1193.576045,2285.210978,2q.000382 (6).jpg
184,2q.000382 (6)_4.jpg,291.717381,2100.256852,850.49997,2174.238502,2q.000382 (6).jpg
185,2q.000382 (6)_5.jpg,871.0434475,2044.770614,1362.032561,2147.522906,2q.000382 (6).jpg
186,2q.000382 (6)_6.jpg,287.6086855,1968.733918,1357.923865,2120.80731,2q.000382 (6).jpg
187,2q.000382 (6)_7.jpg,285.5543377,1905.027497,1168.923872,2022.16511,2q.000382 (6).jpg
188,2q.000382 (6)_8.jpg,283.49999,1812.550434,1347.652126,1937.90823,2q.000382 (6).jpg
189,2q.000382 (6)_9.jpg,281.4456422,1752.954104,1277.804303,1853.65135,2q.000382 (6).jpg
190,2q.000382 (6)_10.jpg,265.0108602,1625.541262,774.4891031,1709.798141,2q.000382 (6).jpg
191,2q.000382 (6)_11.jpg,881.3151863,1588.550437,1329.162997,1662.532087,2q.000382 (6).jpg
192,2q.000382 (6)_12.jpg,193.1086888,1570.055024,225.9782529,1596.77062,2q.000382 (6).jpg
193,2q.000382 (6)_13.jpg,258.8478169,1514.568786,1316.83691,1621.43117,2q.000382 (6).jpg
194,2q.000382 (6)_14.jpg,61.63043261,1407.706403,238.3043394,1461.137594,2q.000382 (6).jpg
195,2q.000382 (6)_15.jpg,322.5325973,1399.486219,577.2717187,1461.137594,2q.000382 (6).jpg
196,2q.000382 (6)_16.jpg,887.4782295,1389.21099,1027.173877,1434.421999,2q.000382 (6).jpg
197,2q.000382 (6)_17.jpg,108.8804309,1335.779798,211.5978186,1378.935761,2q.000382 (6).jpg
198,2q.000382 (6)_18.jpg,283.49999,1286.458698,1345.597779,1380.990807,2q.000382 (6).jpg
199,2q.000382 (6)_19.jpg,862.8260565,1138.495397,1066.206484,1206.31191,2q.000382 (6).jpg
200,2q.000382 (6)_20.jpg,287.6086855,1072.73393,774.4891031,1142.605489,2q.000382 (6).jpg
201,2q.000382 (6)_21.jpg,842.2825789,1064.513747,1322.999953,1156.99081,2q.000382 (6).jpg
202,2q.000382 (6)_22.jpg,848.4456222,988.4770505,1359.978213,1068.623838,2q.000382 (6).jpg
203,2q.000382 (6)_23.jpg,277.3369467,992.5871422,647.1195424,1066.568793,2q.000382 (6).jpg
204,2q.000382 (6)_24.jpg,262.9565125,918.6054919,792.9782329,996.6972339,2q.000382 (6).jpg
205,2q.000382 (6)_25.jpg,838.1738834,916.550446,1345.597779,990.5320964,2q.000382 (6).jpg
206,2q.000382 (6)_26.jpg,829.9564924,848.7339332,1109.347787,912.4403543,2q.000382 (6).jpg
207,2q.000382 (6)_27.jpg,252.6847737,834.3486123,762.1630166,937.1009045,2q.000382 (6).jpg
208,2q.000382 (6)_28.jpg,560.8369367,807.6330163,624.5217171,869.2843916,2q.000382 (6).jpg
209,2q.000382 (6)_29.jpg,250.6304259,760.366962,1302.456476,850.7889791,2q.000382 (6).jpg
210,2q.000382 (6)_30.jpg,838.1738834,688.4403574,1177.141263,758.3119161,2q.000382 (6).jpg
211,2q.000382 (6)_31.jpg,248.5760782,674.0550365,805.3043194,764.4770536,2q.000382 (6).jpg
212,2q.000382 (6)_32.jpg,827.9021447,616.5137529,1055.934745,682.2752199,2q.000382 (6).jpg
213,2q.000382 (6)_33.jpg,248.5760782,600.0733862,544.4021547,674.0550365,2q.000382 (6).jpg
214,2q.000382 (6)_34.jpg,57.5217371,550.752286,168.4565158,604.1834779,2q.000382 (6).jpg
215,2q.000382 (6)_35.jpg,829.9564924,532.2568734,1327.108649,620.6238446,2q.000382 (6).jpg
216,2q.000382 (6)_36.jpg,215.7065141,528.1467817,708.749975,610.3486154,2q.000382 (6).jpg
217,2q.000382 (6)_37.jpg,16.43478203,464.4403605,213.6521664,536.3669651,2q.000382 (6).jpg
218,2q.000382 (6)_38.jpg,854.6086655,462.3853147,1314.782562,538.4220109,2q.000382 (6).jpg
219,2q.000382 (6)_39.jpg,248.5760782,450.0550396,832.0108402,513.7614608,2q.000382 (6).jpg
220,2q.000382 (6)_40.jpg,24.65217304,365.7981601,209.5434709,429.5045812,2q.000382 (6).jpg
221,2q.000382 (6)_41.jpg,846.3912745,359.6330225,1275.749955,441.8348563,2q.000382 (6).jpg
222,2q.000382 (6)_42.jpg,265.0108602,347.3027475,776.5434508,406.8990769,2q.000382 (6).jpg
223,2q.000382 (6)_43.jpg,6.163043261,285.6513722,119.1521697,322.6421974,2q.000382 (6).jpg
224,2q.000382 (7)_0.jpg,293.7717288,2496.880699,390.3260732,2527.706387,2q.000382 (7).jpg
225,2q.000382 (7)_1.jpg,466.3369401,2494.825654,554.6738935,2519.486204,2q.000382 (7).jpg
226,2q.000382 (7)_2.jpg,797.0869284,2468.110058,858.717361,2492.770608,2q.000382 (7).jpg
227,2q.000382 (7)_3.jpg,306.0978153,2387.96327,751.8912778,2447.559599,2q.000382 (7).jpg
228,2q.000382 (7)_4.jpg,425.249985,2381.798132,466.3369401,2408.513728,2q.000382 (7).jpg
229,2q.000382 (7)_5.jpg,1304.510823,2348.917399,1386.684734,2394.128407,2q.000382 (7).jpg
230,2q.000382 (7)_6.jpg,1099.076048,2313.981619,1378.467343,2394.128407,2q.000382 (7).jpg
231,2q.000382 (7)_7.jpg,326.6412928,2305.761436,762.1630166,2375.632995,2q.000382 (7).jpg
232,2q.000382 (7)_8.jpg,1066.206484,2244.110061,1396.956472,2309.871528,2q.000382 (7).jpg
233,2q.000382 (7)_9.jpg,285.5543377,2223.559602,733.402148,2301.651344,2q.000382 (7).jpg
234,2q.000382 (7)_10.jpg,766.2717121,2229.72474,856.6630132,2262.605473,2q.000382 (7).jpg
235,2q.000382 (7)_11.jpg,1298.34778,2182.458685,1341.489083,2200.954098,2q.000382 (7).jpg
236,2q.000382 (7)_12.jpg,1105.239091,2182.458685,1214.119522,2227.669694,2q.000382 (7).jpg
237,2q.000382 (7)_13.jpg,330.7499883,2137.247677,850.49997,2221.504556,2q.000382 (7).jpg
238,2q.000382 (7)_14.jpg,871.0434475,2116.697218,1158.652133,2174.238502,2q.000382 (7).jpg
239,2q.000382 (7)_15.jpg,1207.956479,2087.926577,1374.358647,2135.192631,2q.000382 (7).jpg
240,2q.000382 (7)_16.jpg,458.119549,2067.376118,852.5543177,2141.357769,2q.000382 (7).jpg
241,2q.000382 (7)_17.jpg,879.2608385,2055.045843,1047.717354,2098.201806,2q.000382 (7).jpg
242,2q.000382 (7)_18.jpg,751.8912778,2030.385293,827.9021447,2071.48621,2q.000382 (7).jpg
243,2q.000382 (7)_19.jpg,1133.99996,2024.220155,1362.032561,2067.376118,2q.000382 (7).jpg
244,2q.000382 (7)_20.jpg,1296.293432,2001.614651,1341.489083,2028.330247,2q.000382 (7).jpg
245,2q.000382 (7)_21.jpg,482.7717221,1985.174284,815.5760581,2055.045843,2q.000382 (7).jpg
246,2q.000382 (7)_22.jpg,903.9130116,1979.009147,990.1956172,2009.834835,2q.000382 (7).jpg
247,2q.000382 (7)_23.jpg,1043.608659,1962.56878,1173.032567,1999.559605,2q.000382 (7).jpg
248,2q.000382 (7)_24.jpg,1140.163003,1929.688047,1187.413002,1960.513734,2q.000382 (7).jpg
249,2q.000382 (7)_25.jpg,312.2608585,1872.146763,394.4347687,1892.697222,2q.000382 (7).jpg
250,2q.000382 (7)_26.jpg,879.2608385,1855.706396,1341.489083,1929.688047,2q.000382 (7).jpg
251,2q.000382 (7)_27.jpg,435.5217237,1824.880709,858.717361,1909.137588,2q.000382 (7).jpg
252,2q.000382 (7)_28.jpg,530.0217204,1746.788967,801.1956239,1802.275204,2q.000382 (7).jpg
253,2q.000382 (7)_29.jpg,908.0217071,1744.733921,979.9238784,1769.394471,2q.000382 (7).jpg
254,2q.000382 (7)_30.jpg,1084.695614,1738.568783,1162.760828,1763.229333,2q.000382 (7).jpg
255,2q.000382 (7)_31.jpg,499.2065041,1693.357775,583.434762,1724.183462,2q.000382 (7).jpg
256,2q.000382 (7)_32.jpg,640.9564991,1685.137591,731.3478003,1720.073371,2q.000382 (7).jpg
257,2q.000382 (7)_33.jpg,774.4891031,1681.0275,848.4456222,1705.68805,2q.000382 (7).jpg
258,2q.000382 (7)_34.jpg,887.4782295,1668.697225,926.5108368,1695.412821,2q.000382 (7).jpg
259,2q.000382 (7)_35.jpg,914.1847503,1650.201812,936.7825756,1668.697225,2q.000382 (7).jpg
260,2q.000382 (7)_36.jpg,986.0869217,1633.761445,1374.358647,1709.798141,2q.000382 (7).jpg
261,2q.000382 (7)_37.jpg,478.6630266,1574.165116,521.8043294,1596.77062,2q.000382 (7).jpg
262,2q.000382 (7)_38.jpg,885.4238818,1557.724749,1357.923865,1633.761445,2q.000382 (7).jpg
263,2q.000382 (7)_39.jpg,462.2282445,1535.119245,645.0651946,1580.330253,2q.000382 (7).jpg
264,2q.000382 (7)_40.jpg,700.532584,1528.954107,725.184757,1549.504566,2q.000382 (7).jpg
265,2q.000382 (7)_41.jpg,254.7391214,1531.009153,402.6521597,1582.385299,2q.000382 (7).jpg
266,2q.000382 (7)_42.jpg,258.8478169,1438.53209,766.2717121,1522.78897,2q.000382 (7).jpg
267,2q.000382 (7)_43.jpg,891.586925,1407.706403,1226.445609,1469.357778,2q.000382 (7).jpg
268,2q.000382 (7)_44.jpg,158.184777,1385.100898,211.5978186,1411.816494,2q.000382 (7).jpg
269,2q.000382 (7)_45.jpg,258.8478169,1364.55044,655.3369334,1434.421999,2q.000382 (7).jpg
270,2q.000382 (7)_46.jpg,110.9347787,1148.770626,162.2934725,1175.486222,2q.000382 (7).jpg
271,2q.000382 (7)_47.jpg,215.7065141,1122.05503,1312.728215,1193.981635,2q.000382 (7).jpg
272,2q.000382 (7)_48.jpg,478.6630266,895.9999876,762.1630166,951.4862254,2q.000382 (7).jpg
273,2q.000382 (7)_49.jpg,944.9999666,883.6697125,1349.706474,957.6513629,2q.000382 (7).jpg
274,2q.000382 (7)_50.jpg,349.2391181,799.412833,875.152143,871.3394375,2q.000382 (7).jpg
275,2q.000382 (7)_51.jpg,540.2934592,735.7064118,1249.043434,799.412833,2q.000382 (7).jpg
276,2q.000382 (7)_52.jpg,209.5434709,669.9449449,647.1195424,708.9908159,2q.000382 (7).jpg
277,2q.000382 (7)_53.jpg,932.6738801,600.0733862,1333.271692,645.2843947,2q.000382 (7).jpg
278,2q.000382 (7)_54.jpg,1025.119529,528.1467817,1220.282566,561.0275152,2q.000382 (7).jpg
279,2q.000382 (7)_55.jpg,838.1738834,517.8715525,903.9130116,546.6421943,2q.000382 (7).jpg
280,2q.000382 (7)_56.jpg,554.6738935,515.8165066,647.1195424,538.4220109,2q.000382 (7).jpg
281,2q.000382 (7)_57.jpg,199.2717321,505.5412774,507.4238951,552.8073318,2q.000382 (7).jpg
282,2q.000382 (7)_58.jpg,34.92391181,517.8715525,117.097822,569.2476985,2q.000382 (7).jpg
283,2q.000382 (7)_59.jpg,2.054347754,482.9357731,152.0217338,540.4770567,2q.000382 (7).jpg
284,2q.000382 (7)_60.jpg,6.163043261,406.8990769,186.9456456,478.8256814,2q.000382 (7).jpg
285,2q.000382 (7)_61.jpg,834.0651879,400.7339394,1263.423868,474.7155898,2q.000382 (7).jpg
286,2q.000382 (7)_62.jpg,242.4130349,384.2935727,758.0543211,450.0550396,2q.000382 (7).jpg
287,2q.000382 (7)_63.jpg,0,318.5321057,154.0760815,371.9632976,2q.000382 (7).jpg
